{"total_dexs":8,"total_assets":168,"total_volume_24h":2584407211.5464106,"total_fees_24h":280541.8391269949,"total_trades_24h":4391528,"total_open_interest":2544697525.582242,"auction_active":true,"auction_price_hype":500.0,"auction_end_at":"2026-05-12T07:00:00Z","next_auction_at":null}