{"trader":"0xce975678a14f17a15c946b95704744cd7c677e78","total_volume":2232767801.6354027,"total_fees":61510.91113000028,"total_trades":799887,"pnl_realized":7405486.341302913,"coins_traded":10,"dexs_traded":1}