{"success":true,"message":"OK","data":[{"user":"0x8def9f50456c6c4e37fa5d3d57f108ed23992dae","tradeCount":6,"totalVolume":39706776.45849977,"winRate":0.6666666666666666,"totalPnl":7117657.083343992},{"user":"0xbcd420d13362532756c968f663f96ba95e240dd2","tradeCount":2,"totalVolume":130543374.26117006,"winRate":1.0,"totalPnl":1639040.8913939954}],"total_count":null,"execution_time_ms":53.19,"next_cursor":null,"has_more":null}