{"success":true,"message":"User performance","data":{"user":"0xecb63caa47c7c4e77f60f1ce858cf28dc2b82b00","total_trades":197,"win_rate":0.6802030456852792,"avg_win":535.5928837462695,"avg_loss":742.8792274444439,"profit_factor":1.5334895904585848,"max_drawdown":41493.66145099997,"avg_trade_size":66102.4899013705,"avg_holding_time_s":11547.406091370558,"wins":134,"losses":63,"total_pnl":24968.05509300012},"total_count":null,"execution_time_ms":6.13,"next_cursor":null,"has_more":null}