{"success":true,"message":"User performance","data":{"user":"0xecb63caa47c7c4e77f60f1ce858cf28dc2b82b00","total_trades":149232,"win_rate":0.4998994853650692,"avg_win":2205.1180248078367,"avg_loss":1105.2410019869358,"profit_factor":2.4608151715864275,"max_drawdown":7035671.171495862,"avg_trade_size":504534.4771182289,"avg_holding_time_s":370833555678.2868,"wins":74601,"losses":60484,"total_pnl":97654613.00450319},"total_count":null,"execution_time_ms":124.75,"next_cursor":null,"has_more":null}