{"success":true,"message":"User overview","data":{"user":"0xecb63caa47c7c4e77f60f1ce858cf28dc2b82b00","total_volume":235189519.29654935,"total_fees":233153.61499883828,"fill_count":162550,"unique_coins":99,"total_pnl":24968.055093000137,"total_trades":197,"total_priority_gas":0.0,"last_activity":"2026-05-11T00:00:00","win_rate":0.6802030456852792},"total_count":null,"execution_time_ms":31.36,"next_cursor":null,"has_more":null}