{"success":true,"message":"User overview","data":{"user":"0xecb63caa47c7c4e77f60f1ce858cf28dc2b82b00","total_volume":176244093105.77374,"total_fees":112621826.78289801,"fill_count":64611136,"unique_coins":147,"total_pnl":97654613.00449936,"total_trades":149232,"total_priority_gas":0.0,"last_activity":"2026-05-11T15:51:21","win_rate":0.4998994853650692},"total_count":null,"execution_time_ms":650.8,"next_cursor":null,"has_more":null}