{"success":true,"message":"Builder stats all timeframes","data":{"1h":{"current":{"fillCount":9783,"totalVolume":3951991.3421016,"totalFees":4934.205826579001,"totalBuilderFees":2514.43090882,"uniqueBuilders":115,"uniqueUsers":1378,"uniqueCoins":222},"previous":{"fillCount":41081,"totalVolume":15869777.0407571,"totalFees":17865.397865051295,"totalBuilderFees":9678.78676464,"uniqueBuilders":144,"uniqueUsers":2265,"uniqueCoins":234},"variations":{"fillCountPct":-76.19,"totalVolumePct":-75.1,"totalFeesPct":-72.38,"totalBuilderFeesPct":-74.02,"uniqueBuildersPct":-20.14,"uniqueUsersPct":-39.16}},"24h":{"current":{"fillCount":734442,"totalVolume":269985121.53475666,"totalFees":342448.91058240586,"totalBuilderFees":177706.82749586005,"uniqueBuilders":322,"uniqueUsers":18602,"uniqueCoins":382},"previous":{"fillCount":574700,"totalVolume":166314655.58724865,"totalFees":208767.3726032866,"totalBuilderFees":111693.71164474997,"uniqueBuilders":280,"uniqueUsers":15784,"uniqueCoins":375},"variations":{"fillCountPct":27.8,"totalVolumePct":62.33,"totalFeesPct":64.03,"totalBuilderFeesPct":59.1,"uniqueBuildersPct":15.0,"uniqueUsersPct":17.85}},"7d":{"current":{"fillCount":5060581,"totalVolume":1669775930.9697523,"totalFees":2039763.2401616685,"totalBuilderFees":1100598.63626619,"uniqueBuilders":425,"uniqueUsers":44995,"uniqueCoins":494},"previous":{"fillCount":5037896,"totalVolume":1552365810.295693,"totalFees":2331667.614911984,"totalBuilderFees":1107020.3083540602,"uniqueBuilders":409,"uniqueUsers":42834,"uniqueCoins":433},"variations":{"fillCountPct":0.45,"totalVolumePct":7.56,"totalFeesPct":-12.52,"totalBuilderFeesPct":-0.58,"uniqueBuildersPct":3.91,"uniqueUsersPct":5.05}},"30d":{"current":{"fillCount":22301382,"totalVolume":7311732769.902341,"totalFees":9391601.781213649,"totalBuilderFees":4797672.701166259,"uniqueBuilders":541,"uniqueUsers":90230,"uniqueCoins":559},"previous":{"fillCount":24220145,"totalVolume":8122026038.69784,"totalFees":10252238.96388248,"totalBuilderFees":5412440.84677878,"uniqueBuilders":476,"uniqueUsers":83959,"uniqueCoins":530},"variations":{"fillCountPct":-7.92,"totalVolumePct":-9.98,"totalFeesPct":-8.39,"totalBuilderFeesPct":-11.36,"uniqueBuildersPct":13.66,"uniqueUsersPct":7.47}}},"total_count":null,"execution_time_ms":158.58,"next_cursor":null,"has_more":null}