{"success":true,"message":"TWAP stats for last 24h","data":{"hours":24,"totalTwaps":277,"totalExecutedNtl":62114396.606099986,"byStatus":[{"status":"finished","count":133,"totalSz":650.1472299999999,"executedSz":650.1472299999999,"executedNtl":52851636.353389986,"avgMinutes":45.30075187969925,"uniqueUsers":59,"uniqueCoins":1},{"status":"terminated","count":112,"totalSz":419.13384999999994,"executedSz":75.03935000000004,"executedNtl":6097686.1665699985,"avgMinutes":201.85714285714286,"uniqueUsers":53,"uniqueCoins":1},{"status":"error: Insufficient margin to place order.","count":20,"totalSz":58.54585000000001,"executedSz":39.150729999999996,"executedNtl":3165074.0861400003,"avgMinutes":173.1,"uniqueUsers":13,"uniqueCoins":1},{"status":"activated","count":12,"totalSz":34.05046,"executedSz":0.0,"executedNtl":0.0,"avgMinutes":1060.0,"uniqueUsers":11,"uniqueCoins":1}],"fills":{"count":70438,"volume":63521078.75217999,"totalFees":19883.305435,"uniqueUsers":109,"uniqueTwaps":301}},"total_count":null,"execution_time_ms":648.59,"next_cursor":null,"has_more":null}