{"status":"live","count":1,"data":[{"bucket":"2026-05-11T00:00:00","coin":"#290","fills":855,"volume":34319.20127229999,"buy_volume":22631.3486923,"sell_volume":11687.852579999999,"fees_usdc":3.1024354800000005,"unique_users":76}]}